game,timestamp,first_mover,winner,plies,seconds,chess_points,checkers_points,reason
1,2026-08-13T12:41:26+00:00,checkers,checkers,57,1.5,0.0,150.0,chess king captured (king_capture_immunity=False) -> checkers wins
2,2026-08-13T12:41:30+00:00,chess,checkers,48,1.1,0.0,150.0,chess king captured (king_capture_immunity=False) -> checkers wins
3,2026-08-13T12:41:33+00:00,chess,checkers,51,1.2,0.0,150.0,chess king captured (king_capture_immunity=False) -> checkers wins
4,2026-08-13T12:41:38+00:00,chess,checkers,105,2.4,0.0,150.0,chess king captured (king_capture_immunity=False) -> checkers wins
5,2026-08-13T12:41:43+00:00,checkers,checkers,22,0.5,0.0,150.0,chess king captured (king_capture_immunity=False) -> checkers wins
6,2026-08-13T12:41:50+00:00,checkers,checkers,229,5.0,0.0,150.0,chess king captured (king_capture_immunity=False) -> checkers wins
7,2026-08-13T12:42:10+00:00,checkers,checkers,62,1.5,0.0,150.0,chess king captured (king_capture_immunity=False) -> checkers wins
8,2026-08-13T12:42:25+00:00,chess,checkers,414,9.8,3.0,150.0,chess king captured (king_capture_immunity=False) -> checkers wins
9,2026-08-13T12:43:13+00:00,chess,checkers,194,7.2,0.0,150.0,chess king captured (king_capture_immunity=False) -> checkers wins
10,2026-08-13T12:44:10+00:00,chess,checkers,494,24.5,2.0,150.0,chess king captured (king_capture_immunity=False) -> checkers wins
11,2026-08-13T12:47:30+00:00,chess,checkers,143,3.3,0.0,150.0,chess king captured (king_capture_immunity=False) -> checkers wins
12,2026-08-13T12:47:44+00:00,checkers,checkers,86,1.9,0.0,150.0,chess king captured (king_capture_immunity=False) -> checkers wins
13,2026-08-13T12:47:51+00:00,chess,checkers,80,1.8,0.0,150.0,chess king captured (king_capture_immunity=False) -> checkers wins
14,2026-08-13T12:48:01+00:00,checkers,checkers,172,4.3,3.0,150.0,chess king captured (king_capture_immunity=False) -> checkers wins
15,2026-08-13T12:48:32+00:00,checkers,checkers,95,4.7,0.0,150.0,chess king captured (king_capture_immunity=False) -> checkers wins
16,2026-08-13T12:48:44+00:00,chess,checkers,97,3.5,0.0,150.0,chess king captured (king_capture_immunity=False) -> checkers wins
17,2026-08-13T12:48:58+00:00,checkers,checkers,51,1.4,0.0,150.0,chess king captured (king_capture_immunity=False) -> checkers wins
18,2026-08-13T12:49:05+00:00,chess,checkers,141,3.1,0.0,150.0,chess king captured (king_capture_immunity=False) -> checkers wins
19,2026-08-13T12:49:18+00:00,checkers,checkers,109,2.6,0.0,150.0,chess king captured (king_capture_immunity=False) -> checkers wins
20,2026-08-13T12:49:29+00:00,checkers,checkers,97,2.0,0.0,150.0,chess king captured (king_capture_immunity=False) -> checkers wins
21,2026-08-13T12:49:53+00:00,chess,checkers,50,1.1,0.0,150.0,chess king captured (king_capture_immunity=False) -> checkers wins
22,2026-08-13T12:49:59+00:00,checkers,checkers,44,1.0,0.0,150.0,chess king captured (king_capture_immunity=False) -> checkers wins
23,2026-08-13T12:50:06+00:00,chess,checkers,44,0.9,0.0,150.0,chess king captured (king_capture_immunity=False) -> checkers wins
24,2026-08-13T12:50:10+00:00,chess,checkers,67,1.4,0.0,150.0,chess king captured (king_capture_immunity=False) -> checkers wins
25,2026-08-13T12:50:14+00:00,chess,checkers,32,0.7,0.0,150.0,chess king captured (king_capture_immunity=False) -> checkers wins
26,2026-08-13T12:50:19+00:00,chess,checkers,74,1.5,0.0,150.0,chess king captured (king_capture_immunity=False) -> checkers wins
27,2026-08-13T12:50:24+00:00,chess,checkers,80,1.6,0.0,150.0,chess king captured (king_capture_immunity=False) -> checkers wins
28,2026-08-13T12:50:35+00:00,checkers,checkers,53,1.1,0.0,150.0,chess king captured (king_capture_immunity=False) -> checkers wins
29,2026-08-13T12:50:42+00:00,checkers,checkers,49,1.1,0.0,150.0,chess king captured (king_capture_immunity=False) -> checkers wins
30,2026-08-13T12:50:47+00:00,checkers,checkers,44,1.0,0.0,150.0,chess king captured (king_capture_immunity=False) -> checkers wins
2374,2026-08-13T12:51:44+00:00,chess,checkers,74,1.6,0.0,150.0,chess king captured (king_capture_immunity=False) -> checkers wins
2375,2026-08-13T12:51:52+00:00,chess,chess,267,5.6,150.0,5.0,checkers side to move had no legal move -> chess wins
2376,2026-08-13T12:52:05+00:00,chess,checkers,164,3.4,0.0,150.0,chess king captured (king_capture_immunity=False) -> checkers wins
2377,2026-08-13T12:52:13+00:00,chess,checkers,54,1.3,0.0,150.0,chess king captured (king_capture_immunity=False) -> checkers wins
2378,2026-08-13T12:52:19+00:00,chess,checkers,172,3.8,2.0,150.0,chess king captured (king_capture_immunity=False) -> checkers wins
2379,2026-08-13T12:52:34+00:00,checkers,checkers,180,4.3,0.0,150.0,chess king captured (king_capture_immunity=False) -> checkers wins
2380,2026-08-13T12:52:52+00:00,checkers,checkers,409,8.8,7.0,150.0,chess king captured (king_capture_immunity=False) -> checkers wins
2381,2026-08-13T12:53:18+00:00,checkers,checkers,173,3.9,0.0,150.0,chess king captured (king_capture_immunity=False) -> checkers wins
2382,2026-08-13T12:53:28+00:00,checkers,checkers,41,1.0,0.0,150.0,chess king captured (king_capture_immunity=False) -> checkers wins
2383,2026-08-13T12:53:36+00:00,chess,checkers,170,4.6,0.0,150.0,chess king captured (king_capture_immunity=False) -> checkers wins
